{
  "baseline": {
    "v_-6Os86HzwCs_c009": {
      "metrics": {
        "MOTA": 0.995592065718293,
        "IDF1": 0.9977916081108211,
        "IDS": 0,
        "FP": 1,
        "FN": 21,
        "MT": 10,
        "ML": 0,
        "Frag": 0
      }
    }
  },
  "accel_only": {
    "v_-6Os86HzwCs_c009": {
      "metrics": {
        "MOTA": 0.9937888198757764,
        "IDF1": 0.8455513155252059,
        "IDS": 5,
        "FP": 1,
        "FN": 25,
        "MT": 10,
        "ML": 0,
        "Frag": 1
      }
    }
  },
  "cmc_only": {
    "v_-6Os86HzwCs_c009": {
      "metrics": {
        "MOTA": 0.9939891805249449,
        "IDF1": 0.9056035348463547,
        "IDS": 4,
        "FP": 1,
        "FN": 25,
        "MT": 10,
        "ML": 0,
        "Frag": 4
      }
    }
  },
  "full": {
    "v_-6Os86HzwCs_c009": {
      "metrics": {
        "MOTA": 0.9937888198757764,
        "IDF1": 0.8463546896967262,
        "IDS": 5,
        "FP": 1,
        "FN": 25,
        "MT": 10,
        "ML": 0,
        "Frag": 1
      }
    }
  }
}