{
  "prediction": {
    "1": {
      "cv_mean": 8.662685069246711,
      "cv_median": 5.45142372486712,
      "ca_mean": 4.078744577329292,
      "ca_median": 1.779529003929337,
      "improvement_pct": 52.91593143782646
    },
    "5": {
      "cv_mean": 29.50241921798075,
      "cv_median": 19.118077116654238,
      "ca_mean": 33.555811010735326,
      "ca_median": 15.252046222159807,
      "improvement_pct": -13.73918444723396
    },
    "10": {
      "cv_mean": 54.798946453145476,
      "cv_median": 35.700704913202365,
      "ca_mean": 109.42392525395157,
      "ca_median": 49.70080501514903,
      "improvement_pct": -99.68253467703411
    },
    "15": {
      "cv_mean": 79.22855299887938,
      "cv_median": 52.18133647544006,
      "ca_mean": 228.61419209051365,
      "ca_median": 103.16624832202878,
      "improvement_pct": -188.55025547891455
    },
    "20": {
      "cv_mean": 102.77945278833509,
      "cv_median": 68.39574122938589,
      "ca_mean": 391.4058058852386,
      "ca_median": 176.13292151639544,
      "improvement_pct": -280.82106419782474
    }
  }
}
