{
  "1": {
    "cv_mean": 8.584571276454962,
    "cv_median": 6.197644683638981,
    "ca_mean": 3.8253531144952335,
    "ca_median": 2.413848754679833,
    "improvement_pct": 55.43920609073293
  },
  "5": {
    "cv_mean": 28.65897843026516,
    "cv_median": 21.14639818975656,
    "ca_mean": 33.34000932921403,
    "ca_median": 21.48766691707112,
    "improvement_pct": -16.333558121546606
  },
  "10": {
    "cv_mean": 52.77019676974713,
    "cv_median": 39.26683740647451,
    "ca_mean": 109.61774186924002,
    "ca_median": 71.0507889400725,
    "improvement_pct": -107.72661195018185
  },
  "15": {
    "cv_mean": 75.86366899413872,
    "cv_median": 56.82942944313014,
    "ca_mean": 230.09373184127747,
    "ca_median": 148.90062888953832,
    "improvement_pct": -203.29897682519768
  },
  "20": {
    "cv_mean": 97.84518259122895,
    "cv_median": 73.99471222553751,
    "ca_mean": 394.59820564349235,
    "ca_median": 254.5858248166115,
    "improvement_pct": -303.2883328472269
  }
}