{
  "val_v_2QhNRucNC7E_c017": {
    "MOTA": 0.893687707641196,
    "IDF1": 0.7820316488004083,
    "IDS": 21,
    "FP": 576,
    "FN": 107,
    "MT": 20,
    "ML": 0,
    "Frag": 33
  },
  "val_v_G-vNjfx1GGc_c004": {
    "MOTA": 0.4179673098193437,
    "IDF1": 0.5900826446280992,
    "IDS": 2,
    "FP": 280,
    "FN": 4454,
    "MT": 4,
    "ML": 8,
    "Frag": 15
  },
  "val_v_G-vNjfx1GGc_c008": {
    "MOTA": 0.6656461841242073,
    "IDF1": 0.7523005168284381,
    "IDS": 2,
    "FP": 157,
    "FN": 1370,
    "MT": 8,
    "ML": 6,
    "Frag": 12
  },
  "val_v_G-vNjfx1GGc_c600": {
    "MOTA": 0.23800805565726835,
    "IDF1": 0.43660505076802913,
    "IDS": 2,
    "FP": 459,
    "FN": 3701,
    "MT": 1,
    "ML": 13,
    "Frag": 17
  },
  "val_v_G-vNjfx1GGc_c601": {
    "MOTA": 0.5648181490817429,
    "IDF1": 0.6710920770877944,
    "IDS": 9,
    "FP": 320,
    "FN": 2088,
    "MT": 7,
    "ML": 6,
    "Frag": 14
  },
  "val_v_ITo3sCnpw_k_c007": {
    "MOTA": 0.272597137014315,
    "IDF1": 0.38687765341566965,
    "IDS": 9,
    "FP": 250,
    "FN": 6855,
    "MT": 2,
    "ML": 11,
    "Frag": 24
  },
  "val_v_ITo3sCnpw_k_c010": {
    "MOTA": 0.33887086307592473,
    "IDF1": 0.5144872283644681,
    "IDS": 0,
    "FP": 88,
    "FN": 5006,
    "MT": 4,
    "ML": 15,
    "Frag": 7
  },
  "val_v_ITo3sCnpw_k_c011": {
    "MOTA": 0.20408792111750207,
    "IDF1": 0.3213146921756193,
    "IDS": 2,
    "FP": 253,
    "FN": 7494,
    "MT": 1,
    "ML": 17,
    "Frag": 8
  },
  "val_v_ITo3sCnpw_k_c012": {
    "MOTA": 0.4989844903988183,
    "IDF1": 0.5511565034544909,
    "IDS": 16,
    "FP": 196,
    "FN": 5215,
    "MT": 4,
    "ML": 6,
    "Frag": 25
  },
  "val_v_dw7LOz17Omg_c053": {
    "MOTA": 0.31113376373315216,
    "IDF1": 0.4836582361040655,
    "IDS": 17,
    "FP": 1103,
    "FN": 4962,
    "MT": 2,
    "ML": 6,
    "Frag": 36
  },
  "val_v_dw7LOz17Omg_c067": {
    "MOTA": 0.4352636873113953,
    "IDF1": 0.647823629169022,
    "IDS": 5,
    "FP": 1195,
    "FN": 2730,
    "MT": 9,
    "ML": 5,
    "Frag": 21
  },
  "val_v_i2_L4qquVg0_c006": {
    "MOTA": 0.49235294117647055,
    "IDF1": 0.6312202509736045,
    "IDS": 9,
    "FP": 360,
    "FN": 5672,
    "MT": 4,
    "ML": 6,
    "Frag": 19
  },
  "val_v_i2_L4qquVg0_c007": {
    "MOTA": 0.47804473902236955,
    "IDF1": 0.655080923321836,
    "IDS": 2,
    "FP": 200,
    "FN": 2318,
    "MT": 10,
    "ML": 6,
    "Frag": 10
  },
  "val_v_i2_L4qquVg0_c009": {
    "MOTA": 0.4947076612903226,
    "IDF1": 0.6494732406236831,
    "IDS": 1,
    "FP": 1,
    "FN": 4008,
    "MT": 5,
    "ML": 7,
    "Frag": 6
  },
  "val_v_i2_L4qquVg0_c010": {
    "MOTA": 0.3276446381021545,
    "IDF1": 0.387678305767043,
    "IDS": 44,
    "FP": 207,
    "FN": 5304,
    "MT": 1,
    "ML": 8,
    "Frag": 39
  }
}