{
  "prediction": {},
  "botsort": {
    "train_SNMOT-060": {
      "MOTA": 0.8666912850812407,
      "IDF1": 0.7482763788968825,
      "IDS": 47,
      "FP": 683,
      "FN": 1075,
      "MT": 24,
      "ML": 1,
      "Frag": 93
    },
    "train_SNMOT-061": {
      "MOTA": 0.46509965144338195,
      "IDF1": 0.6266125613227546,
      "IDS": 2,
      "FP": 58,
      "FN": 5925,
      "MT": 10,
      "ML": 10,
      "Frag": 26
    },
    "train_SNMOT-062": {
      "MOTA": 0.5191661062542031,
      "IDF1": 0.6416818114838646,
      "IDS": 10,
      "FP": 9,
      "FN": 6416,
      "MT": 8,
      "ML": 9,
      "Frag": 22
    },
    "train_SNMOT-063": {
      "MOTA": 0.335760451607625,
      "IDF1": 0.46144614461446143,
      "IDS": 4,
      "FP": 167,
      "FN": 7948,
      "MT": 4,
      "ML": 9,
      "Frag": 31
    },
    "train_SNMOT-064": {
      "MOTA": 0.3931587057010786,
      "IDF1": 0.5042009374723623,
      "IDS": 8,
      "FP": 1,
      "FN": 9837,
      "MT": 0,
      "ML": 7,
      "Frag": 31
    },
    "train_SNMOT-065": {
      "MOTA": 0.5103725346968591,
      "IDF1": 0.6812800152156341,
      "IDS": 0,
      "FP": 177,
      "FN": 6526,
      "MT": 8,
      "ML": 6,
      "Frag": 19
    },
    "train_SNMOT-066": {
      "MOTA": 0.3865743680934841,
      "IDF1": 0.5366657511672618,
      "IDS": 9,
      "FP": 2,
      "FN": 9648,
      "MT": 4,
      "ML": 4,
      "Frag": 42
    },
    "train_SNMOT-067": {
      "MOTA": 0.32668430694076944,
      "IDF1": 0.4600181506503983,
      "IDS": 6,
      "FP": 137,
      "FN": 9781,
      "MT": 3,
      "ML": 9,
      "Frag": 29
    },
    "train_SNMOT-068": {
      "MOTA": 0.3846670647954613,
      "IDF1": 0.464697639323057,
      "IDS": 5,
      "FP": 0,
      "FN": 8238,
      "MT": 2,
      "ML": 10,
      "Frag": 38
    },
    "train_SNMOT-069": {
      "MOTA": 0.5920642344870596,
      "IDF1": 0.7242931220037179,
      "IDS": 3,
      "FP": 8,
      "FN": 5222,
      "MT": 7,
      "ML": 6,
      "Frag": 18
    },
    "train_SNMOT-070": {
      "MOTA": 0.2719019918914155,
      "IDF1": 0.38847049157880326,
      "IDS": 9,
      "FP": 83,
      "FN": 8169,
      "MT": 1,
      "ML": 13,
      "Frag": 9
    },
    "train_SNMOT-071": {
      "MOTA": 0.30155979202772965,
      "IDF1": 0.4493951612903226,
      "IDS": 4,
      "FP": 155,
      "FN": 10319,
      "MT": 2,
      "ML": 7,
      "Frag": 20
    },
    "train_SNMOT-072": {
      "MOTA": 0.5645173656367399,
      "IDF1": 0.6837179675633299,
      "IDS": 3,
      "FP": 0,
      "FN": 5677,
      "MT": 6,
      "ML": 8,
      "Frag": 10
    },
    "train_SNMOT-073": {
      "MOTA": 0.3991955401877073,
      "IDF1": 0.534381931841097,
      "IDS": 2,
      "FP": 3,
      "FN": 8509,
      "MT": 3,
      "ML": 10,
      "Frag": 13
    },
    "train_SNMOT-074": {
      "MOTA": 0.5177895533686601,
      "IDF1": 0.6601941747572816,
      "IDS": 4,
      "FP": 431,
      "FN": 7209,
      "MT": 10,
      "ML": 6,
      "Frag": 29
    },
    "train_SNMOT-075": {
      "MOTA": 0.31276258695502446,
      "IDF1": 0.44391703642554947,
      "IDS": 6,
      "FP": 158,
      "FN": 9814,
      "MT": 1,
      "ML": 8,
      "Frag": 11
    },
    "train_SNMOT-076": {
      "MOTA": 0.48810732802394574,
      "IDF1": 0.65606033399174,
      "IDS": 0,
      "FP": 2,
      "FN": 9575,
      "MT": 11,
      "ML": 14,
      "Frag": 8
    },
    "train_SNMOT-077": {
      "MOTA": 0.45256889627475416,
      "IDF1": 0.6431819147579994,
      "IDS": 7,
      "FP": 1274,
      "FN": 6625,
      "MT": 8,
      "ML": 7,
      "Frag": 5
    },
    "train_SNMOT-097": {
      "MOTA": 0.5603179551122195,
      "IDF1": 0.6549590900019956,
      "IDS": 10,
      "FP": 6,
      "FN": 5626,
      "MT": 5,
      "ML": 5,
      "Frag": 25
    },
    "train_SNMOT-098": {
      "MOTA": 0.38852578068264343,
      "IDF1": 0.5428219792948672,
      "IDS": 7,
      "FP": 211,
      "FN": 5676,
      "MT": 7,
      "ML": 9,
      "Frag": 10
    },
    "train_SNMOT-099": {
      "MOTA": 0.2624133949191686,
      "IDF1": 0.4071308852658845,
      "IDS": 5,
      "FP": 1,
      "FN": 7659,
      "MT": 3,
      "ML": 17,
      "Frag": 13
    },
    "train_SNMOT-100": {
      "MOTA": 0.2812570995834911,
      "IDF1": 0.42756874928086525,
      "IDS": 9,
      "FP": 227,
      "FN": 9255,
      "MT": 1,
      "ML": 12,
      "Frag": 25
    },
    "train_SNMOT-101": {
      "MOTA": 0.4293372875556063,
      "IDF1": 0.5598981135079201,
      "IDS": 8,
      "FP": 12,
      "FN": 4983,
      "MT": 5,
      "ML": 12,
      "Frag": 21
    },
    "train_SNMOT-102": {
      "MOTA": 0.4870728757181736,
      "IDF1": 0.6551110659279216,
      "IDS": 0,
      "FP": 1,
      "FN": 6784,
      "MT": 5,
      "ML": 7,
      "Frag": 6
    },
    "train_SNMOT-103": {
      "MOTA": 0.31997117966856614,
      "IDF1": 0.47963890680025795,
      "IDS": 5,
      "FP": 2,
      "FN": 10375,
      "MT": 1,
      "ML": 7,
      "Frag": 26
    },
    "train_SNMOT-104": {
      "MOTA": 0.5071399428804569,
      "IDF1": 0.6576219237356892,
      "IDS": 4,
      "FP": 9,
      "FN": 7235,
      "MT": 5,
      "ML": 5,
      "Frag": 15
    },
    "train_SNMOT-105": {
      "MOTA": 0.32777990064959883,
      "IDF1": 0.42661920073495635,
      "IDS": 4,
      "FP": 19,
      "FN": 8773,
      "MT": 6,
      "ML": 13,
      "Frag": 10
    },
    "train_SNMOT-106": {
      "MOTA": 0.1861373250894891,
      "IDF1": 0.27264623191387233,
      "IDS": 3,
      "FP": 0,
      "FN": 10001,
      "MT": 2,
      "ML": 17,
      "Frag": 11
    },
    "train_SNMOT-107": {
      "MOTA": 0.4867552302919418,
      "IDF1": 0.5709507134270632,
      "IDS": 17,
      "FP": 213,
      "FN": 6222,
      "MT": 8,
      "ML": 6,
      "Frag": 29
    },
    "train_SNMOT-108": {
      "MOTA": 0.3392603129445235,
      "IDF1": 0.4866009395884338,
      "IDS": 7,
      "FP": 21,
      "FN": 7404,
      "MT": 2,
      "ML": 13,
      "Frag": 19
    },
    "train_SNMOT-109": {
      "MOTA": 0.36611822947000583,
      "IDF1": 0.46245164025650537,
      "IDS": 14,
      "FP": 45,
      "FN": 8648,
      "MT": 3,
      "ML": 8,
      "Frag": 25
    },
    "train_SNMOT-110": {
      "MOTA": 0.18800539083557954,
      "IDF1": 0.32592592592592595,
      "IDS": 13,
      "FP": 565,
      "FN": 10267,
      "MT": 1,
      "ML": 16,
      "Frag": 11
    },
    "train_SNMOT-111": {
      "MOTA": 0.32488640335547014,
      "IDF1": 0.46922367207064714,
      "IDS": 8,
      "FP": 2,
      "FN": 7716,
      "MT": 3,
      "ML": 13,
      "Frag": 7
    },
    "train_SNMOT-112": {
      "MOTA": 0.29552364864864866,
      "IDF1": 0.42615572558348874,
      "IDS": 4,
      "FP": 105,
      "FN": 8232,
      "MT": 4,
      "ML": 14,
      "Frag": 5
    },
    "train_SNMOT-113": {
      "MOTA": 0.5286167512690355,
      "IDF1": 0.6820704682810509,
      "IDS": 2,
      "FP": 115,
      "FN": 7312,
      "MT": 11,
      "ML": 14,
      "Frag": 4
    },
    "train_SNMOT-114": {
      "MOTA": 0.25274725274725274,
      "IDF1": 0.384875301689461,
      "IDS": 0,
      "FP": 2,
      "FN": 7410,
      "MT": 3,
      "ML": 18,
      "Frag": 3
    },
    "train_SNMOT-115": {
      "MOTA": 0.4063854047890536,
      "IDF1": 0.5102367242482405,
      "IDS": 11,
      "FP": 122,
      "FN": 7676,
      "MT": 2,
      "ML": 8,
      "Frag": 29
    },
    "train_SNMOT-151": {
      "MOTA": 0.5109166196122719,
      "IDF1": 0.5934434372283621,
      "IDS": 9,
      "FP": 21,
      "FN": 5167,
      "MT": 6,
      "ML": 9,
      "Frag": 8
    },
    "train_SNMOT-152": {
      "MOTA": 0.3104075235109718,
      "IDF1": 0.47380758742764195,
      "IDS": 0,
      "FP": 1,
      "FN": 10998,
      "MT": 3,
      "ML": 12,
      "Frag": 0
    },
    "train_SNMOT-153": {
      "MOTA": 0.3186824089691438,
      "IDF1": 0.4232986449052931,
      "IDS": 6,
      "FP": 30,
      "FN": 6831,
      "MT": 3,
      "ML": 13,
      "Frag": 7
    },